model_id,inferred_paradigm,raw_config_present,raw_config_source,layer_dna_source,layer_total_estimate,attn_layer_count,ssm_layer_count,attn_layer_ratio,attn_period,attn_periodicity,layer_transition_rate,transition_complexity,kv_cache_mb_per_1k_tokens,state_memory_proxy,framework_support_index,compatibility_tax,hybridization_score,adoption_residual
HuggingFaceTB/SmolLM3-3B,transformer,False,missing,count_fallback:attention_only,36.0,36.0,0.0,1.0,,,,0.0,70.3125,,0.9040080233120313,0.09599197668796866,0.0,0.3578449266791681
LiquidAI/LFM2-1.2B-Exp,liquid,False,missing,none,,,,,,,,,,,0.40399999999999997,0.5960000000000001,0.2,
LiquidAI/LFM2-2.6B-Exp,liquid,False,missing,count_fallback:attention_only,30.0,30.0,0.0,1.0,,,,0.0,58.59375,,0.4192061358824322,0.5807938641175678,0.35,-0.32260997775460254
LiquidAI/LFM2-350M-Exp,liquid,False,missing,none,,,,,,,,,,,0.40399999999999997,0.5960000000000001,0.2,
Qwen/Qwen3-0.6B,transformer,False,missing,count_fallback:attention_only,28.0,28.0,0.0,1.0,,,,0.0,109.375,,0.8962263452174194,0.1037736547825806,0.0,2.7641263940965466
Qwen/Qwen3-1.7B,transformer,False,missing,count_fallback:attention_only,28.0,28.0,0.0,1.0,,,,0.0,109.375,,0.8962263452174194,0.1037736547825806,0.0,2.21366910571526
RWKV/RWKV7-Goose-World3-1.5B-HF,rwkv,False,missing,count_fallback:ssm_only,24.0,0.0,24.0,0.0,,,,0.0,,1.5,0.46354727255840966,0.5364527274415903,0.2,-1.9955812792806191
Zyphra/Zamba2-1.2B,hybrid,False,missing,count_fallback:hybrid_split,38.0,10.0,28.0,0.2631578947368421,,,,0.5184210526315789,156.25,14.4375,0.28314785411931426,0.7168521458806858,0.9,-1.1672708269479792
deepseek-ai/DeepSeek-R1-Distill-Qwen-1.5B,reasoning,False,missing,count_fallback:attention_only,28.0,28.0,0.0,1.0,,,,0.0,27.34375,,0.8704450308337547,0.12955496916624532,0.0,1.8106274887251406
google/gemma-3-1b-it,transformer,False,missing,count_fallback:attention_only,26.0,26.0,0.0,1.0,,,,0.0,25.390625,,0.9617169601447458,0.038283039855254164,0.0,1.9187326086924905
ibm-granite/granite-4.0-1b,hybrid,False,missing,count_fallback:attention_only,40.0,40.0,0.0,1.0,,,,0.0,78.125,0.0,0.476156055373314,0.523843944626686,0.7,-0.5188922342905586
ibm-granite/granite-4.0-350m,hybrid,False,missing,count_fallback:hybrid_split,28.0,7.0,21.0,0.25,,,,0.5,6.8359375,10.6640625,0.3625167920232013,0.6374832079767987,0.7,-0.30225569696406884
ibm-granite/granite-4.0-h-1b,hybrid,False,missing,count_fallback:hybrid_split,40.0,10.0,30.0,0.25,,,,0.5,19.53125,11.6015625,0.32763156009553795,0.672368439904462,0.9,-0.6491070777512324
ibm-granite/granite-4.0-h-350m,hybrid,False,missing,count_fallback:hybrid_split,32.0,8.0,24.0,0.25,,,,0.5,7.8125,4.640625,0.36064120411543493,0.639358795884565,0.9,-0.6618523392740263
state-spaces/mamba-1.4b-hf,ssm,False,missing,count_fallback:ssm_only,48.0,0.0,48.0,0.0,,,,0.0,,3.75,0.41722031045506214,0.5827796895449379,0.35,-0.6131111189426779
state-spaces/mamba-370m-hf,ssm,False,missing,count_fallback:ssm_only,48.0,0.0,48.0,0.0,,,,0.0,,1.875,0.4284276154292148,0.5715723845707852,0.35,-0.07366653427608982
state-spaces/mamba-790m-hf,ssm,False,missing,count_fallback:ssm_only,48.0,0.0,48.0,0.0,,,,0.0,,2.8125,0.4221278422939938,0.5778721577060062,0.35,-0.7372932682587638
tiiuae/Falcon-H1-0.5B-Instruct,hybrid,False,missing,count_fallback:hybrid_split,36.0,9.0,27.0,0.25,,,,0.5,4.39453125,6.9609375,0.43169358418522596,0.568306415814774,0.9,-1.1852919194959162
tiiuae/Falcon-H1-1.5B-Instruct,hybrid,False,missing,count_fallback:hybrid_split,24.0,6.0,18.0,0.25,,,,0.5,5.859375,18.28125,0.40766889922077826,0.5923311007792218,0.9,-1.5310279991792863
ML-GSAI/LLaDA-8B-Base,diffusion,False,missing,none,,,,,,,,,,,0.82,0.18000000000000005,0.0,
NX-AI/xLSTM-7b,xlstm,False,missing,none,,,,,,,,,,,0.472,0.528,0.35,-1.6597800234281177
Qwen/Qwen3-4B,transformer,False,missing,count_fallback:attention_only,36.0,36.0,0.0,1.0,,,,0.0,140.625,,0.9617851556473256,0.038214844352674415,0.0,2.1876702165516972
Qwen/Qwen3-8B,transformer,False,missing,count_fallback:attention_only,36.0,36.0,0.0,1.0,,,,0.0,140.625,,0.9617851556473256,0.038214844352674415,0.0,2.0284913683231522
RWKV-Red-Team/ARWKV-R1-7B,rwkv,False,missing,count_fallback:attention_only,28.0,28.0,0.0,1.0,,,,0.0,54.6875,,0.5124138838602978,0.48758611613970215,0.2,-3.33390263562047
Zyphra/Zamba2-2.7B,hybrid,False,missing,count_fallback:hybrid_split,54.0,14.0,40.0,0.25925925925925924,,,,0.512962962962963,273.4375,13.28125,0.2760564543051483,0.7239435456948518,0.9,-1.4107665215629974
Zyphra/Zamba2-7B,ssm,False,missing,none,,,,,,,,,,,0.46399999999999997,0.536,0.2,-2.8668192052829857
allenai/Olmo-3-7B,transformer,False,missing,none,,,,,,,,,,,0.95,0.050000000000000044,0.0,
deepseek-ai/DeepSeek-R1-Distill-Qwen-7B,reasoning,False,missing,count_fallback:attention_only,28.0,28.0,0.0,1.0,,,,0.0,54.6875,,0.8584138838602978,0.14158611613970218,0.0,1.3170857261742173
google/gemma-3-4b-it,transformer,False,missing,none,,,,,,,,,,,0.95,0.050000000000000044,0.0,1.60065871824317
ibm-granite/granite-4.0-h-tiny,hybrid,False,missing,count_fallback:hybrid_split,40.0,10.0,30.0,0.25,,,,0.5,19.53125,11.6015625,0.32763156009553795,0.672368439904462,0.9,-0.3960378085445049
ibm-granite/granite-4.0-micro,hybrid,False,missing,count_fallback:hybrid_split,40.0,10.0,30.0,0.25,,,,0.5,19.53125,38.0859375,0.31836523464070426,0.6816347653592958,0.7,0.12538628442060773
ibm-granite/granite-4.0-tiny-preview,hybrid,False,missing,count_fallback:hybrid_split,40.0,10.0,30.0,0.25,,,,0.5,19.53125,11.6015625,0.34363156009553797,0.656368439904462,0.7,-0.19851899266723194
microsoft/Phi-4-mini-instruct,transformer,False,missing,count_fallback:attention_only,32.0,32.0,0.0,1.0,,,,0.0,125.0,,0.8938677092994276,0.1061322907005724,0.0,0.8671739781774139
microsoft/Phi-4-mini-reasoning,reasoning,False,missing,count_fallback:attention_only,32.0,32.0,0.0,1.0,,,,0.0,125.0,,0.8438677092994276,0.15613229070057244,0.0,-0.5082924357146412
nvidia/Nemotron-H-4B-Instruct-128K,hybrid,False,missing,count_fallback:hybrid_split,52.0,13.0,39.0,0.25,,,,0.5,50.78125,30.1640625,0.29094089908756626,0.7090591009124337,0.9,-0.08469289008875691
tiiuae/Falcon-H1-3B-Instruct,hybrid,False,missing,count_fallback:hybrid_split,32.0,8.0,24.0,0.25,,,,0.5,7.8125,30.46875,0.3922710235602593,0.6077289764397407,0.9,-1.0656691447371456
tiiuae/Falcon-H1-7B-Instruct,hybrid,False,missing,count_fallback:hybrid_split,44.0,11.0,33.0,0.25,,,,0.5,10.7421875,50.2734375,0.3762611755140088,0.6237388244859912,0.9,-1.1377081348658358
tiiuae/falcon-mamba-7b,ssm,False,missing,count_fallback:ssm_only,64.0,0.0,64.0,0.0,,,,0.0,,10.0,0.4384760509497779,0.5615239490502222,0.35,-0.4891772404349637
Qwen/Qwen3-14B,transformer,False,missing,count_fallback:attention_only,40.0,40.0,0.0,1.0,,,,0.0,156.25,,0.9599207722230183,0.040079227776981696,0.0,1.1136782893844632
Qwen/Qwen3-32B,transformer,False,missing,count_fallback:attention_only,64.0,64.0,0.0,1.0,,,,0.0,250.0,,0.9515903296938899,0.0484096703061101,0.0,1.3172240912647428
allenai/Olmo-3-1125-32B,transformer,False,missing,count_fallback:attention_only,64.0,64.0,0.0,1.0,,,,0.0,250.0,,0.9215903296938899,0.07840967030611012,0.0,-1.223761572307815
deepseek-ai/DeepSeek-R1-Distill-Qwen-14B,reasoning,False,missing,count_fallback:attention_only,48.0,48.0,0.0,1.0,,,,0.0,187.5,,0.8366916587412698,0.16330834125873017,0.0,0.9788668996895371
google/gemma-3-12b-it,transformer,False,missing,none,,,,,,,,,,,0.95,0.050000000000000044,0.0,1.4375546459437851
google/gemma-3-27b-it,transformer,False,missing,none,,,,,,,,,,,0.95,0.050000000000000044,0.0,1.4516101032128965
ibm-granite/granite-4.0-h-small,hybrid,False,missing,count_fallback:hybrid_split,40.0,10.0,30.0,0.25,,,,0.5,39.0625,30.9375,0.29496471696087784,0.7050352830391222,0.9,-0.2432911254071266
inclusionAI/LLaDA2.0-mini,diffusion,False,missing,count_fallback:attention_only,20.0,20.0,0.0,1.0,,,,0.0,39.0625,,0.7842805333775292,0.21571946662247077,0.0,-0.42936236016803964
microsoft/Phi-4-reasoning,reasoning,False,missing,count_fallback:attention_only,40.0,40.0,0.0,1.0,,,,0.0,195.3125,,0.8359682076039667,0.16403179239603327,0.0,-0.9736439921950257
openai/gpt-oss-20b,transformer,False,missing,count_fallback:attention_only,24.0,24.0,0.0,1.0,,,,0.0,46.875,,0.9511067951022468,0.04889320489775317,0.0,1.8363111258787326
tiiuae/Falcon-H1-34B-Instruct,hybrid,False,missing,count_fallback:hybrid_split,72.0,18.0,54.0,0.25,,,,0.5,35.15625,137.109375,0.33410816032477,0.66589183967523,0.9,-1.9788222975955616
TinyLlama/TinyLlama-1.1B-Chat-v1.0,transformer,False,missing,count_fallback:attention_only,22.0,22.0,0.0,1.0,,,,0.0,21.484375,,0.924570666075047,0.07542933392495299,0.0,2.4314946818640837
